Name,Subscribers
tseries,"136,000,000"
PewDiePie,"104,000,000"
UC-9-kyTW8ZkZNDHQJ6FgpwQ,"98,271,442"
checkgate,"79,200,000"
UCOpNcN46UbXVtpKMrmU4Abg,"77,717,434"
movies,"14,336"
UCEgdi0XIXXZ-qJOFPf4JSKw,"75,390,608"
setindia,"70,300,000"
UC295-Dw_tDNtZXFeAPAW6Aw,"66,100,000"
WWEFanNation,"58,300,000"
canalkondzilla,"57,100,000"
kidrauhl,"53,500,000"
UClgRkhTL3_hImCAmdLfDE4g,"52,419,116"
UCk8GzjMOrta8yxDcKfylJYw,"51,600,000"
corycotton,"50,400,000"
EdSheeran,"44,200,000"
zeetv,"43,500,000"
EminemMusic,"42,300,000"
holasoygerman,"40,700,000"
osnapitzari,"40,600,000"
whinderssonnunes,"39,200,000"
juegagerman,"39,000,000"
taylorswift,"37,700,000"
elrubiusomg,"37,500,000"
TheEllenShow,"37,300,000"
felipeneto,"37,200,000"
movieclips,"37,000,000"
KatyPerryMusic,"36,800,000"
fernanfloo,"35,900,000"
aajtaktv,"35,000,000"
goldminestelefilms,"35,000,000"
filmigaane,"34,800,000"
thechuchutv,"34,100,000"
rihanna,"34,100,000"
djwalkzz,"33,700,000"
vcsabiavideos,"33,500,000"
sonymusicindiasme,"33,100,000"
JustinBieberVEVO,"32,800,000"
reinomariaelenawalsh,"32,500,000"
onedirectionchannel,"31,000,000"
getmovies,"30,900,000"
maroon5,"30,300,000"
YouTube,"30,000,000"
yrf,"30,000,000"
sabtv,"29,800,000"
speedrecordss,"29,600,000"
vegetta777,"29,500,000"
mashamedvedtv,"29,100,000"
sonymusicindiavevo,"29,100,000"
daddyyankeeofftv,"29,100,000"
shakira,"28,700,000"
gr6explode,"28,700,000"
alltrapnation,"28,500,000"
tseriesbhakti,"28,500,000"
bangtantv,"28,400,000"
littlebabybum,"27,800,000"
tipsmusic,"27,400,000"
SpinninRec,"27,000,000"
ElektraRecords,"27,000,000"
TaylorSwiftVEVO,"26,800,000"
rezendeevil,"26,800,000"
abscbnonline,"26,500,000"
RihannaVEVO,"25,800,000"
eminemVEVO,"25,700,000"
KatyPerryVEVO,"25,600,000"
nocopyrightsounds,"25,600,000"
markipliergame,"25,500,000"
SelGomez,"25,300,000"
qzmendshawqz,"25,300,000"
smosh,"25,100,000"
vanossgaming,"25,000,000"
latenight,"24,700,000"
colorstv,"24,400,000"
lady16makeup,"24,300,000"
tedxtalks,"24,200,000"
jacksepticeye,"23,700,000"
UC4rlAVgAK0SGk-yTfe48Qpw,"23,529,043"
cybervillagesolution,"23,400,000"
shane,"23,300,000"
worldstarhiphoptv,"23,200,000"
ninjashyper,"23,100,000"
enchufetv,"22,900,000"
erosentertainment,"22,800,000"
thediamondminecart,"22,700,000"
gmmonetv,"22,700,000"
onedirectionvevo,"22,600,000"
abpnewstv,"22,500,000"
UltraRecords,"22,400,000"
lospolinesios,"22,400,000"
matroix,0
shemarooent,"22,300,000"
auronplay,"22,200,000"
watchmojo,"22,300,000"
UCaKLg1ELiX0zTJ6Je3c5esA,"22,200,000"
UCJplp5SjeGSdVdwsfb9Q7lQ,"22,132,117"
tseriesapnapunjab,"22,200,000"
supersimplesongs,"22,000,000"
ultrahindi,"22,000,000"
SMTOWN,"22,000,000"
imaginedragons,"21,800,000"
